<?xml version="1.0" encoding="UTF-8"?>
<SOAConfigPlan xmlns:jca="http://platform.integration.oracle/blocks/adapter/fw/metadata"
               xmlns:wsp="http://schemas.xmlsoap.org/ws/2004/09/policy"
               xmlns:orawsp="http://schemas.oracle.com/ws/2006/01/policy"
               xmlns:edl="http://schemas.oracle.com/events/edl" xmlns="http://schemas.oracle.com/soa/configplan">
  <composite name="AsyncBPEL">
    <!--Add search and replace rules for the import section of a composite
	Example:
	<searchReplace>
		<search>http://my-dev-server</search>
		<replace>http://my-test-server</replace>
	<searchReplace>
	<searchReplace>
		<search>8888</search>
		<replace>8889</replace>
	<searchReplace>-->
    <import>
      <searchReplace>
        <search/>
        <replace/>
      </searchReplace>
    </import>
    <service name="samplebpelprocess_client_ep">
      <binding type="ws">
        <attribute name="port">
          <replace>http://xmlns.oracle.com/AsyncBPEL/Project1/SampleBPELProcess#wsdl.endpoint(samplebpelprocess_client_ep/SampleBPELProcess_pt)</replace>
        </attribute>
      </binding>
    </service>
    <service name="samplebpelprocess_client"/>
    <property name="productVersion">
      <replace>12.1.3.0.1</replace>
    </property>
    <property name="compositeID">
      <replace>e31761c8-c580-4f0b-91fb-0e6e6ca89444</replace>
    </property>
    <!--Add search and replace rules for the component properties
	For components and service/reference bindings, you can add policy references.
	Example:
	<component name="*">
		<wsp:PolicyReference orawsp:category="management" orawsp:status="enabled" URI="oracle/log_policy"/>
	</component>-->
    <component name="SampleBPELProcess">
      <property name="bpel.config.transaction">
        <replace>required</replace>
      </property>
    </component>
    <reference name="EssService"/>
    <reference name="EssService">
      <binding type="ws">
        <attribute name="port">
          <replace>http://xmlns.oracle.com/scheduler#wsdl.endpoint(ESSWebService/SchedulerServiceImplPort)</replace>
        </attribute>
        <attribute name="location">
          <replace>http://svgonugu-lap.oradev.oraclecorp.com:7015/ess/esswebservice?wsdl</replace>
        </attribute>
      </binding>
      <callback>
        <binding type="ws">
          <attribute name="port">
            <replace>http://xmlns.oracle.com/scheduler#wsdl.endpoint(ESSWebServiceCallback/ESSWebServiceCallback_pt)</replace>
          </attribute>
        </binding>
      </callback>
    </reference>
  </composite>
  <!--To configure monitor.config: 
	<property name="enabled"><replace>true</replace></property>
	<property name="dataObjectsFolder"><searchReplace><search>mydev</search><replace>myproduction</replace></searchReplace></property>
	
	sample properties to configure for adapter: 
	<jca:property name="QueueName"><replace>medmq1</replace></jca:property>
	
	To add search and replace rules for wsdls, xsd and jca files
	Example:
	<searchReplace>
		<search>http://my-dev-server</search>
		<replace>http://my-test-server</replace>
	<searchReplace>
	<searchReplace>
		<search>8888</search>
		<replace>8889</replace>
	<searchReplace>
	-->
  <wsdlAndSchema name="Schemas/AsyncBPELProcess.xsd|Schemas/SampleBPELProcess.xsd|WSDLs/ESSTypes.xsd|WSDLs/ESSWebServiceAbstract.wsdl|WSDLs/ESSWebServiceWrapper.wsdl|WSDLs/SampleBPELProcess.wsdl">
    <searchReplace>
      <search/>
      <replace/>
    </searchReplace>
  </wsdlAndSchema>
</SOAConfigPlan>
