<?xml version = '1.0'?>
<schedule xmlns:xsi="http://www.w3.org/2001/XMLSchema-instance" name="Every2minSch" xmlns="http://xmlns.oracle.com/scheduler">
   
   
   
<description/><display-name>Every2minSch</display-name><recurrence><start>2015-05-31 13:00:00.843 Asia/Calcutta</start><end>2015-05-31 14:07:09.843 Asia/Calcutta</end><count>0</count><frequency>MINUTELY</frequency><interval>2</interval><months-of-year></months-of-year><weeks-of-month></weeks-of-month><days-of-month></days-of-month><days-of-week></days-of-week><time-of-day>0:0:0</time-of-day></recurrence></schedule>
