<?xml version = '1.0'?>
<jobset xmlns:xsi="http://www.w3.org/2001/XMLSchema-instance" name="DemoOsbJobset" execution-mode="SERIAL" first-step="Step1" xmlns="http://xmlns.oracle.com/scheduler">
   
   
   
   
<description/><display-name>DemoOsbJobset</display-name><parameter-list><parameter name="SYS_effectiveApplication" data-type="string">Unassigned</parameter></parameter-list><steps><step id="Step1"><job-definition name="/oracle/apps/ess/custom/osb/Jobs/SampleOSBJob2.xml" id="mdsId_0"/><parameter-list/><links><on-success>Step2</on-success><on-warning>Step2</on-warning></links></step><step id="Step2"><job-definition name="/oracle/apps/ess/custom/osb/Jobs/SecondOSBJob.xml" id="mdsId_1"/><parameter-list/></step></steps></jobset>
