<?xml version = '1.0'?>
<job-definition xmlns:xsi="http://www.w3.org/2001/XMLSchema-instance" name="SampleOSBJob2" job-type="/oracle/as/ess/core/JobType/SyncWebserviceJobType.xml" xmlns="http://xmlns.oracle.com/scheduler">
   
   
   
<description/><display-name>Created from JDev</display-name><parameter-list><parameter name="SYS_EXT_wsServiceName" data-type="string" read-only="true">CustomerServiceBindingQSService</parameter><parameter name="SYS_EXT_invokeMessage" data-type="string">&lt;ns1:CustomerIDInput xmlns:ns1="http://xmlns.xyzbank.com/schema/Customer">
  &lt;CustomerID>${ESS_REQ.CustomerId}&lt;/CustomerID>
&lt;/ns1:CustomerIDInput>
</parameter><parameter name="SYS_EXT_wsWsdlUrl" data-type="string" read-only="true">/entity/CustomerService?WSDL</parameter><parameter name="SYS_EXT_wsPortName" data-type="string" read-only="true">CustomerServiceBindingQSPort</parameter><parameter name="SYS_effectiveApplication" data-type="string">EssNativeHostingApp</parameter><parameter name="SYS_EXT_wsOperationName" data-type="string" read-only="true">DeleteCustomer</parameter><parameter name="CustomerId" data-type="string"/><parameter name="SYS_externalJobType" data-type="string" read-only="true">OSB</parameter><parameter name="SYS_EXT_wsWsdlBaseUrl" data-type="string" read-only="true">http://localhost:7003</parameter></parameter-list></job-definition>
