<?xml version = '1.0' encoding = 'windows-1252'?>
<ejb-jar xmlns:xsi="http://www.w3.org/2001/XMLSchema-instance"
         xsi:schemaLocation="http://java.sun.com/xml/ns/javaee http://java.sun.com/xml/ns/javaee/ejb-jar_3_0.xsd"
         version="3.0" xmlns="http://java.sun.com/xml/ns/javaee">
    <enterprise-beans>
        <session>
            <description>Runtime Session Bean</description>
            <ejb-name>RuntimeServiceBean</ejb-name>
            <ejb-class>oracle.as.scheduler.ejb.RuntimeServiceBean</ejb-class>
        </session>
        <session>
            <description>Metadata Session Bean</description>
            <ejb-name>MetadataServiceBean</ejb-name>
            <ejb-class>oracle.as.scheduler.ejb.MetadataServiceBean</ejb-class>
        </session>
        <session>
            <description>Async Request Bean</description>
            <ejb-name>AsyncRequestBean</ejb-name>
            <ejb-class>oracle.as.scheduler.ejb.AsyncRequestBean</ejb-class>
        </session>
    </enterprise-beans>
</ejb-jar>
