<?xml version = '1.0' encoding = 'windows-1252'?>
<weblogic-ejb-jar xmlns:xsi="http://www.w3.org/2001/XMLSchema-instance"
                  xsi:schemaLocation="http://xmlns.oracle.com/weblogic/weblogic-ejb-jar http://xmlns.oracle.com/weblogic/weblogic-ejb-jar/1.4/weblogic-ejb-jar.xsd"
                  xmlns="http://xmlns.oracle.com/weblogic/weblogic-ejb-jar">
    <weblogic-enterprise-bean>
        <ejb-name>ESSAppEndpoint</ejb-name>
        <message-driven-descriptor>
            <resource-adapter-jndi-name>
        ess/ra
      </resource-adapter-jndi-name>
        </message-driven-descriptor>
        <dispatch-policy>
      ESSRAWM
    </dispatch-policy>
    </weblogic-enterprise-bean>
</weblogic-ejb-jar>
