<?xml version = '1.0' encoding = 'windows-1252'?>
<jpsConfig xmlns:xsi="http://www.w3.org/2001/XMLSchema-instance" xsi:schemaLocation="http://xmlns.oracle.com/oracleas/schema/11/jps-config-11_1.xsd jps-config-11_1.xsd" xmlns="http://xmlns.oracle.com/oracleas/schema/11/jps-config-11_1.xsd">
   <serviceProviders>
      <serviceProvider type="CREDENTIAL_STORE" name="credstore.provider" class="oracle.security.jps.internal.credstore.ssp.SspCredentialStoreProvider">
         <description>Credential Store Service Provider</description>
      </serviceProvider>
      <serviceProvider type="POLICY_STORE" name="policystore.xml.provider" class="oracle.security.jps.internal.policystore.xml.XmlPolicyStoreProvider">
         <description>XML-based PolicyStore Provider</description>
      </serviceProvider>
   </serviceProviders>
   <serviceInstances>
      <serviceInstance name="credstore" provider="credstore.provider">
         <property name="location" value="./"/>
      </serviceInstance>
      <serviceInstance name="policystore.xml" provider="policystore.xml.provider">
         <property name="location" value="./jazn-data.xml"/>
      </serviceInstance>
   </serviceInstances>
   <jpsContexts default="ESSSampleAppl">
      <jpsContext name="ESSSampleAppl">
         <serviceInstanceRef ref="credstore"/>
         <serviceInstanceRef ref="policystore.xml"/>
      </jpsContext>
   </jpsContexts>
</jpsConfig>