<?xml version = '1.0' encoding = 'windows-1252'?>
<weblogic-application xmlns:xsi="http://www.w3.org/2001/XMLSchema-instance"
                      xsi:schemaLocation="http://xmlns.oracle.com/weblogic/weblogic-application http://xmlns.oracle.com/weblogic/weblogic-application/1.5/weblogic-application.xsd"
                      xmlns="http://xmlns.oracle.com/weblogic/weblogic-application">
  <!--<application-param>
    <param-name>jps.policystore.applicationid</param-name>
    <param-value>EssCustomDemo</param-value>
  </application-param>
  <listener>
        <listener-class>oracle.as.scheduler.platform.wls.deploy.ESSApplicationLifecycleListener</listener-class>
    </listener>
    <listener>
        <listener-class>oracle.security.jps.wls.listeners.JpsApplicationLifecycleListener</listener-class>
    </listener>
    <listener>
        <listener-class>oracle.security.jps.wls.listeners.JpsAppVersionLifecycleListener</listener-class>
    </listener>
    <listener>
        <listener-class>oracle.adf.share.weblogic.listeners.ADFApplicationLifecycleListener</listener-class>
    </listener>
    <library-ref>
        <library-name>oracle.xdo.runtime</library-name>
    </library-ref>
    <library-ref>
        <library-name>oracle.applcp.runtime</library-name>
    </library-ref>-->
  <listener>
    <listener-class>oracle.mds.lcm.weblogic.WLLifecycleListener</listener-class>
  </listener>
  <library-ref>
    <library-name>oracle.ess.thin.client</library-name>
  </library-ref>
</weblogic-application>
