<?xml version="1.0" encoding="UTF-8" ?>
<!-- Generated by Oracle SOA Modeler version 12.1.3.0.1 at [6/8/15 10:03 PM]. -->
<composite name="AsyncBPEL" revision="1.0" label="2015-06-08_22-03-04_211" mode="active" state="on"
           xmlns="http://xmlns.oracle.com/sca/1.0" xmlns:xs="http://www.w3.org/2001/XMLSchema"
           xmlns:wsp="http://schemas.xmlsoap.org/ws/2004/09/policy"
           xmlns:orawsp="http://schemas.oracle.com/ws/2006/01/policy" xmlns:ui="http://xmlns.oracle.com/soa/designer/"
           xmlns:sca-ext="http://xmlns.oracle.com/sca/1.0-ext">
  <import namespace="http://xmlns.oracle.com/AsyncBPEL/Project1/SampleBPELProcess"
          location="WSDLs/SampleBPELProcess.wsdl" importType="wsdl"/>
  <import namespace="http://xmlns.oracle.com/scheduler" location="WSDLs/ESSWebServiceWrapper.wsdl" importType="wsdl"/>
  <import namespace="http://xmlns.oracle.com/scheduler"
          location="file:/C:/JDeveloper/mywork/AsyncBPEL/Project1/SOA/WSDLs/ESSWebServiceAbstract.wsdl"
          importType="wsdl"/>
  <service name="samplebpelprocess_client_ep" ui:wsdlLocation="WSDLs/SampleBPELProcess.wsdl">
    <interface.wsdl interface="http://xmlns.oracle.com/AsyncBPEL/Project1/SampleBPELProcess#wsdl.interface(SampleBPELProcess)"/>
    <binding.ws port="http://xmlns.oracle.com/AsyncBPEL/Project1/SampleBPELProcess#wsdl.endpoint(samplebpelprocess_client_ep/SampleBPELProcess_pt)"/>
  </service>
  <property name="productVersion" type="xs:string" many="false">12.1.3.0.1</property>
  <property name="compositeID" type="xs:string" many="false">e31761c8-c580-4f0b-91fb-0e6e6ca89444</property>
  <component name="SampleBPELProcess" version="1.1">
    <implementation.bpel src="BPEL/SampleBPELProcess.bpel"/>
    <componentType>
      <service name="samplebpelprocess_client" ui:wsdlLocation="WSDLs/SampleBPELProcess.wsdl">
        <interface.wsdl interface="http://xmlns.oracle.com/AsyncBPEL/Project1/SampleBPELProcess#wsdl.interface(SampleBPELProcess)"/>
      </service>
      <reference name="EssService" ui:wsdlLocation="WSDLs/ESSWebServiceWrapper.wsdl">
        <interface.wsdl interface="http://xmlns.oracle.com/scheduler#wsdl.interface(ESSWebService)"
                        callbackInterface="http://xmlns.oracle.com/scheduler#wsdl.interface(ESSWebServiceCallback)"/>
      </reference>
    </componentType>
    <property name="bpel.config.transaction" type="xs:string" many="false">required</property>
  </component>
  <reference name="EssService"
             ui:wsdlLocation="WSDLs/ESSWebServiceAbstract.wsdl">
    <interface.wsdl interface="http://xmlns.oracle.com/scheduler#wsdl.interface(ESSWebService)"
                    callbackInterface="http://xmlns.oracle.com/scheduler#wsdl.interface(ESSWebServiceCallback)"/>
    <binding.ws port="http://xmlns.oracle.com/scheduler#wsdl.endpoint(ESSWebService/SchedulerServiceImplPort)" 
          location="WSDLs/ESSWebServiceAbstract.wsdl"/>
    <callback>
      <binding.ws port="http://xmlns.oracle.com/scheduler#wsdl.endpoint(ESSWebServiceCallback/ESSWebServiceCallback_pt)"/>
    </callback>
  </reference>
  <wire>
    <source.uri>samplebpelprocess_client_ep</source.uri>
    <target.uri>SampleBPELProcess/samplebpelprocess_client</target.uri>
  </wire>
  <wire>
    <source.uri>SampleBPELProcess/EssService</source.uri>
    <target.uri>EssService</target.uri>
  </wire>
</composite>
