<References xmlns="http://xmlns.oracle.com/adf/jndi">
  <Reference name="SOA_DesignTimeRepository" className="oracle.tip.tools.ide.soamds.adapter.MDSProvider" xmlns="">
    <Factory className="oracle.tip.tools.ide.soamds.adapter.MDSProviderFactory"/>
    <RefAddresses>
      <StringRefAddr addrType="ConnectionName">
        <Contents>SOA_DesignTimeRepository</Contents>
      </StringRefAddr>
      <StringRefAddr addrType="ConnectionType">
        <Contents>oracle.mds.persistence.stores.file.FileMetadataStore</Contents>
      </StringRefAddr>
      <StringRefAddr addrType="FILEMDS_ROOT">
        <Contents>C:\JDeveloper\soamds</Contents>
      </StringRefAddr>
    </RefAddresses>
  </Reference>
</References>